Investment Idea,Value,Story
Merchant Guild Trading,0.65,"You're investing in the Merchant Guild. Their caravans traverse the kingdom, but rumors of bandit raids pose risks. Will your investment thrive?"
Castle Lands Purchase,0.82,"You're eyeing fertile lands near the castle. Villagers praise its fertility, but rumors of lurking dragons create uncertainty. Is it a wise investment?"
Alchemist's Potion Shop Funding,0.43,"An alchemist promises a potion that grants strength. But skeptics abound, and finding the right ingredients is a challenge. Can this investment yield success?"
Dragon Hoard Cryptocurrency,0.75,"Exploring dragon treasure! Dragon hoard values fluctuate wildly. Can you brave the dragon's volatility in this thrilling market?"
Farmer's Market Investment,0.61,"You're investing in farms supplying food to the kingdom. Can you predict weather changes and seasonal demands in this agricultural market?"
Royal Art Collection Acquisition,0.92,"Collecting royal artworks! Each piece holds tales of ancient valor. Can you recognize the true treasures among these artifacts?"
Magical Forest Energy Ventures,0.78,"Harnessing forest magic! Projects aim to channel enchanted energies. Will your investment bring forth mystical innovation?"
King's Treasury Bonds,0.55,"Stability in diversification! Investing in the kingdom's treasury bonds offers security amidst kingdom changes."
Wizard's Academy Endowment,0.69,"Supporting wizardry! Invest in an academy aiming for magical excellence. Can your investment nurture future enchanters?"
Enchanted Laboratory R&D,0.87,"Innovation in magic! Back an enchanted laboratory seeking breakthroughs in spells and charms."
Tavern Chain Expansion,0.72,"Expanding taverns across the kingdom! But whispers of rowdy patrons and local bans could pose challenges. Can you create a bustling network?"
Ancient Ruins Archaeological Ventures,0.83,"Investing in ancient ruins excavation! Artefacts await discovery, but tales of cursed treasures linger. Will you unveil the secrets or awaken ancient curses?"
Magician's Circus Sponsorship,0.68,"Sponsoring a traveling magician's circus! Spectacular performances lure crowds, but the magician's mysterious past raises doubts. Can it be a magical investment?"
Shipyard & Naval Expansion,0.79,"Investing in shipyards for naval expansion! Pirates and sea monsters threaten voyages. Will your investment navigate to prosperity or face stormy seas?"
Mystic Bazaar Trading Posts,0.71,"Establishing mystic trading posts! Exotic goods and mystical artifacts tempt traders, but tales of curses shroud some wares. Can your investments enchant buyers?"
Knightly Training Academy,0.88,"Funding a knightly academy! Knights-in-training seek valor, but rivalries and quests pose challenges. Can you forge chivalrous investments?"
Royal Zoo & Creature Exhibition,0.76,"Creating a royal zoo! Displaying rare creatures captivates visitors, but concerns over safety and magical creatures arise. Can you showcase fantastic beasts?"
Brewery & Ale Production,0.65,"Investing in brewery & ale production! Ale is the kingdom's favorite, but quality disputes among brewers raise concerns. Can you brew success?"
Medieval Fashion House Investment,0.91,"Investing in medieval fashion! Noble attire and elegant gowns beckon, but rumors of rival fashion houses and trends persist. Can you dress for success?"
Enchanted Forest Woodcutting Rights,0.74,"Acquiring woodcutting rights in the enchanted forest! Magical timber is sought, but ancient tree protectors pose challenges. Can your investment harness mystical lumber?"
Dark Alleyway Deals,0.35,"Investing in clandestine dealings! Shrouded in secrecy, these shadowy transactions promise quick gains. But danger lurks in the underworld. Will your investment thrive or vanish in darkness?"
Forgotten Catacomb Exploration,0.42,"Venturing into forgotten catacombs! Rumors of cursed treasures and restless spirits deter many. Can your investment unearth riches or awaken ancient wrath?"
Haunted Mansion Restoration,0.48,"Restoring a haunted mansion! Whispers of ghosts and eerie occurrences spook potential buyers. Can you flip this spooky property for a profit or succumb to supernatural forces?"
Thieves' Guild Backing,0.29,"Back the thieves' guild! The promise of stolen riches tempts, but risks of betrayal and law enforcement shadow this underworld investment."
Snake Oil Salesman Partnership,0.37,"Partnering with a snake oil salesman! Tall tales of miraculous cures are enticing, yet skepticism and legal scrutiny linger. Can your investment peddle hope or face public scorn?"
Mysterious Potion Brewery,0.44,"Investing in a mysterious potion brewery! The allure of mystical concoctions is strong, but whispers of dubious ingredients circulate. Will your investment brew miracles or misfortune?"
Black Market Artefact Trade,0.39,"Trading in black market artefacts! Hidden treasures from questionable origins tempt collectors, but ethical concerns and legal repercussions loom over this investment."
Cursed Relic Collecting,0.32,"Collecting cursed relics! Valuable but surrounded by tales of misfortune and dark energies. Can your investment withstand the haunting curses or fall victim to ancient malevolence?"
Dark Sorcery Research,0.26,"Funding research in dark sorcery! Forbidden knowledge promises power, but ethical dilemmas and dangers from the arcane world cloud this investment."
Rogue Bandit Encampment,0.31,"Investing in a rogue bandit encampment! Bandits promise riches from illicit raids, but loyalty and the king's justice threaten this risky investment."
